insert into app_department (id, dname) values
(1, '计算机科学与技术学院'), 
(2, '物理学院'),
(3, '数学学院');

select * from app_department;

insert into app_major(id, mname, department_id) values
(1, '计算机科学与技术', 1),
(2, '应用物理', 2),
(3, '天文学', 2),
(4, '应用数学' , 3),
(5, '统计数学' , 3);
select * from app_major;


insert into app_stu(id, sname, gender, prize, punishment, status, 
retake_chances, birthday, data_in, major_id, password) values
(1111111111, '小明', 1, '', '', 0, 2, '2003-01-01', '2021-09-01', 1, 123456),
(2222222222, '小华', 1, '', '处分处分处分处分处分处分处分处分处分处分处分处分处分处分处分', 0, 2, '2002-01-01', '2020-09-01', 2, 123456),
(3333333333, '小花', 0, '奖项奖项奖项奖项奖项奖项奖项奖项奖项奖项奖项奖项', '', 0, 2, '2004-01-01', '2022-09-01', 3, 123456),
(4444444444, '小芳', 0, '奖项奖项奖项奖项奖项奖项奖项奖项奖项奖项奖项奖项', '处分处分处分处分处分处分处分处分处分处分处分处分处分处分处分', 0, 2, '2004-01-01', '2022-09-01', 3, 123456);
select * from app_stu;

insert into app_lesson(id, lname, teacher, credit, hour, major_id) values
(1, '数据库', '张三', 4, 80, 1),
(2, '人工智能', '李四', 4, 80, 1),
(3, '数学分析', '王五', 6, 120, 3),
(4, '计算机网络', '张三', 4, 80, 1),
(5, '编译原理', '李四', 4, 80, 1),
(6, '算法基础', '王五', 6, 80, 1);
select * from app_lesson;

insert into app_sl(id, grade, lesson_id, stu_id, is_retaking) values
(7, 70, 4, 2222222222, 1),
(8, 70, 5, 2222222222, 0),
(9, 70, 4, 4444444444, 0),
(10, 70, 5, 4444444444, 1),
(11, 80, 6, 4444444444, 0),
(1, 80, 1, 1111111111,0),
(2, 90, 2, 1111111111,0),
(3, 90, 3, 1111111111,0),
(4, 70, 3, 2222222222,1),
(5, 90, 3, 3333333333,0),
(6, 95, 1, 3333333333,0);

-- insert into app_sl(id, lesson_id, stu_id, is_retaking) values
-- (7, 1, 2222222222, 0),
-- (8, 2, 2222222222, 0),
-- (12, 4, 1111111111, 0),
-- (13, 5, 1111111111, 0),
-- (14, 4, 3333333333, 0),
-- (15, 5, 3333333333, 0);

select * from app_sl;
